"Rank (by # of IAS, highest to lowest)",Country name,"Country land area A (km2)(excluding inland water bodies)(World Bank, 2014)",Sovereign state,UNEP (2012) GEO region,UNEP (2012) GEO Subregion,ISO3 ISO(2016),SInv (# IAS in country),SNat (# species native in country but invasive elsewhere),"IAS asymmetry index, K",NIT (# international treaties),"SInv / A 
(# species km-2)",Maximum legislation/regulation Relevance Score in country
209,Afghanistan," 652,860 ",Afghanistan,Asia + Pacific,South Asia,AFG,6,108,-5.5,7,9.2E-06,0
148,Albania," 27,400 ",Albania,Europe,Central Europe,ALB,16,142,-5.1,18,5.8E-04,3
151,Algeria," 2,381,740 ",Algeria,Africa,Northern Africa,DZA,16,130,-5.0,17,6.7E-06,0
34,American Samoa, 200 ,United States of America,Asia + Pacific,South Pacific,ASM,84,9,4.5,15,4.2E-01,0
223,Andorra, 468 ,Andorra,Europe,Western Europe,AND,4,24,-4.7,4,8.5E-03,0
210,Angola," 1,246,700 ",Angola,Africa,Southern Africa,AGO,6,68,-5.3,12,4.8E-06,0
158,Anguilla, 91 ,United Kingdom of Great Britain and Northern Ireland,Latin America + Caribbean,Caribbean,AIA,14,11,-0.1,24,1.5E-01,0
127,Antigua and Barbuda, 440 ,Antigua and Barbuda,Latin America + Caribbean,Caribbean,ATG,21,45,-2.9,14,4.8E-02,3
21,Argentina," 2,736,690 ",Argentina,Latin America + Caribbean,South America,ARG,98,138,-1.8,16,3.6E-05,4
166,Armenia," 28,470 ",Armenia,Europe,Eastern Europe,ARM,12,105,-5.1,13,4.2E-04,0
208,Aruba, 180 ,Netherlands,Latin America + Caribbean,Caribbean,ABW,6,11,-2.5,24,3.3E-02,0
3,Australia," 7,682,300 ",Australia,Asia + Pacific,Australia + New Zealand,AUS,322,117,2.1,18,4.2E-05,4
73,Austria," 82,409 ",Austria,Europe,Western Europe,AUT,46,152,-3.8,17,5.6E-04,4
201,Azerbaijan," 82,658 ",Azerbaijan,Europe,Eastern Europe,AZE,7,121,-5.5,11,8.5E-05,0
55,Bahamas," 10,010 ",Bahamas,Latin America + Caribbean,Caribbean,BHS,61,50,-0.3,9,6.1E-03,1
232,Bahrain, 760 ,Bahrain,West Asia,Arabian Peninsula,BHR,3,14,-4.3,10,3.9E-03,0
120,Bangladesh," 130,170 ",Bangladesh,Asia + Pacific,South Asia,BGD,24,94,-4.1,13,1.8E-04,0
111,Barbados, 430 ,Barbados,Latin America + Caribbean,Caribbean,BRB,27,47,-2.4,12,6.3E-02,0
128,Belarus," 202,910 ",Belarus,Europe,Eastern Europe,BLR,21,114,-4.5,14,1.0E-04,3
40,Belgium," 30,280 ",Belgium,Europe,Western Europe,BEL,78,135,-2.4,22,2.6E-03,4
129,Belize," 22,810 ",Belize,Latin America + Caribbean,Meso America,BLZ,21,97,-4.3,11,9.2E-04,0
162,Benin," 112,760 ",Benin,Africa,Western Africa,BEN,13,55,-4.2,17,1.2E-04,0
57,Bermuda, 50 ,United Kingdom of Great Britain and Northern Ireland,Latin America + Caribbean,Caribbean,BMU,60,20,2.3,24,1.2E+00,0
224,BES Islands, 328 ,Netherlands,Latin America + Caribbean,Caribbean,BES,4,3,0.0,24,1.2E-02,0
211,Bhutan," 38,117 ",Bhutan,Asia + Pacific,South Asia,BTN,6,79,-5.4,9,1.6E-04,0
139,Bolivia," 1,083,300 ",Bolivia,Latin America + Caribbean,South America,BOL,18,134,-4.9,12,1.7E-05,0
191,Bosnia and Herzegovina," 51,000 ",Bosnia and Herzegovina,Europe,Central Europe,BIH,9,70,-4.9,11,1.8E-04,0
149,Botswana," 566,730 ",Botswana,Africa,Southern Africa,BWA,16,54,-3.8,14,2.8E-05,0
29,Brazil," 8,358,140 ",Brazil,Latin America + Caribbean,South America,BRA,90,153,-2.3,14,1.1E-05,4
180,British Indian Ocean Territory (BIOT), 144 ,United Kingdom of Great Britain and Northern Ireland,Africa,Western Indian Ocean,IOT,11,1,4.7,24,7.6E-02,0
97,British Virgin Islands, 151 ,United Kingdom of Great Britain and Northern Ireland,Latin America + Caribbean,Caribbean,VGB,35,28,-0.2,24,2.3E-01,3
159,Brunei Darussalam," 5,270 ",Brunei Darussalam,Asia + Pacific,South East Asia,BRN,14,26,-2.5,7,2.7E-03,0
107,Bulgaria," 108,560 ",Bulgaria,Europe,Central Europe,BGR,28,168,-4.7,21,2.6E-04,4
185,Burkina Faso," 273,600 ",Burkina Faso,Africa,Western Africa,BFA,10,42,-4.2,17,3.7E-05,2
178,Burundi," 25,680 ",Burundi,Africa,Eastern Africa,BDI,11,45,-4.1,16,4.3E-04,0
104,Cambodia," 176,520 ",Cambodia,Asia + Pacific,South East Asia,KHM,31,89,-3.5,11,1.8E-04,3
117,Cameroon," 472,710 ",Cameroon,Africa,Central Africa,CMR,25,78,-3.7,14,5.3E-05,2
10,Canada," 9,093,510 ",Canada,North America,North America,CAN,166,66,1.8,16,1.8E-05,4
167,Cape Verde," 4,030 ",Cabo Verde,Africa,Western Africa,CPV,12,25,-2.8,12,3.0E-03,0
67,Cayman Islands, 240 ,United Kingdom of Great Britain and Northern Ireland,Latin America + Caribbean,Caribbean,CYM,51,33,0.4,24,2.1E-01,0
212,Central African Republic," 622,980 ",Central African Republic,Africa,Central Africa,CAF,6,43,-4.9,14,9.6E-06,0
206,Chad," 1,259,200 ",Chad,Africa,Central Africa,TCD,7,45,-4.7,16,5.6E-06,0
19,Chile," 743,532 ",Chile,Latin America + Caribbean,South America,CHL,107,58,1.0,16,1.4E-04,4
37,China," 9,388,211 ",China,Asia + Pacific,North East Asia,CHN,81,257,-3.7,14,8.6E-06,0
70,Christmas Island (Indian Ocean), 135 ,Australia,Asia + Pacific,South East Asia,CXR,48,13,2.8,18,3.6E-01,0
131,Cocos (Keeling) Islands, 14 ,Australia,Asia + Pacific,South Pacific,CCK,20,10,1.2,18,1.4E+00,0
68,Colombia," 1,109,500 ",Colombia,Latin America + Caribbean,South America,COL,50,142,-3.5,12,4.5E-05,4
123,Comoros," 1,861 ",Comoros,Africa,Western Indian Ocean,COM,23,15,0.4,10,1.2E-02,0
146,"Congo, Republic of the"," 341,500 ",Congo,Africa,Central Africa,COG,17,36,-2.9,16,5.0E-05,0
145,"Congo, The Democratic Republic of the (Zaire)"," 2,267,050 ",Democratic Republic of the Congo,Africa,Central Africa,COD,17,63,-4.0,17,7.5E-06,0
30,Cook Islands, 236 ,New Zealand,Asia + Pacific,South Pacific,COK,89,13,4.0,13,3.8E-01,2
50,Costa Rica," 51,060 ",Costa Rica,Latin America + Caribbean,Meso America,CRI,67,119,-2.4,13,1.3E-03,3
144,Cote d Ivoire (Ivory Coast)," 318,000 ",Côte d'Ivoire,Africa,Western Africa,CIV,17,69,-4.1,14,5.3E-05,0
96,Croatia," 55,960 ",Croatia,Europe,Central Europe,HRV,36,98,-3.4,20,6.4E-04,4
4,Cuba," 106,440 ",Cuba,Latin America + Caribbean,Caribbean,CUB,318,79,3.0,13,3.0E-03,3
150,Curacao, 444 ,Netherlands,Latin America + Caribbean,Caribbean,CUW,16,14,-0.5,24,3.6E-02,0
135,Cyprus," 9,240 ",Cyprus,Europe,Central Europe,CYP,19,71,-4.0,18,2.1E-03,4
64,Czech Republic," 77,230 ",Czech Republic,Europe,Central Europe,CZE,54,131,-3.2,20,7.0E-04,4
56,Denmark," 42,430 ",Denmark,Europe,Western Europe,DNK,61,111,-2.5,19,1.4E-03,4
225,Djibouti," 23,180 ",Djibouti,Africa,Eastern Africa,DJI,4,21,-4.5,14,1.7E-04,0
140,Dominica, 750 ,Dominica,Latin America + Caribbean,Caribbean,DMA,18,48,-3.4,9,2.4E-02,0
33,Dominican Republic," 48,320 ",Dominican Republic,Latin America + Caribbean,Caribbean,DOM,85,64,0.0,11,1.8E-03,4
41,Ecuador," 248,360 ",Ecuador,Latin America + Caribbean,South America,ECU,78,122,-2.1,14,3.1E-04,4
88,Egypt," 995,450 ",Egypt,Africa,Northern Africa,EGY,40,101,-3.2,18,4.0E-05,0
141,El Salvador," 20,720 ",El Salvador,Latin America + Caribbean,Meso America,SLV,18,101,-4.6,11,8.7E-04,2
234,Equatorial Guinea," 28,050 ",Equatorial Guinea,Africa,Central Africa,GNQ,3,33,-5.2,13,1.1E-04,0
202,Eritrea," 101,000 ",Eritrea,Africa,Eastern Africa,ERI,7,50,-4.9,8,6.9E-05,0
125,Estonia," 42,390 ",Estonia,Europe,Central Europe,EST,22,104,-4.4,17,5.2E-04,4
132,Ethiopia," 1,000,000 ",Ethiopia,Africa,Eastern Africa,ETH,20,91,-4.3,14,2.0E-05,2
130,Falkland Islands (Malvinas) (sub-Antarctic)," 12,173 ",United Kingdom of Great Britain and Northern Ireland,Latin America + Caribbean,South America,FLK,21,4,3.6,24,1.7E-03,0
199,Faroe Islands," 1,393 ",Denmark,Europe,Western Europe,FRO,8,20,-3.2,19,5.7E-03,0
9,Fiji," 18,270 ",Fiji,Asia + Pacific,South Pacific,FJI,167,31,3.6,15,9.1E-03,3
92,Finland," 303,890 ",Finland,Europe,Western Europe,FIN,39,107,-3.4,21,1.3E-04,4
12,France," 547,561 ",France,Europe,Western Europe,FRA,152,186,-1.4,30,2.8E-04,4
168,French Guiana," 83,534 ",France,Latin America + Caribbean,South America,GUF,12,81,-4.8,30,1.4E-04,0
6,French Polynesia," 3,660 ",France,Asia + Pacific,South Pacific,PYF,190,18,4.7,30,5.2E-02,0
124,French Southern Territories," 7,747 ",France,Polar,Antarctic,ATF,22,1,5.3,30,2.8E-03,0
192,Gabon," 257,670 ",Gabon,Africa,Central Africa,GAB,9,45,-4.4,15,3.5E-05,0
200,Gambia," 10,120 ",Gambia,Africa,Western Africa,GMB,8,44,-4.6,15,7.9E-04,3
112,Georgia," 69,490 ",Georgia,Europe,Eastern Europe,GEO,27,121,-4.3,14,3.9E-04,2
22,Germany," 348,540 ",Germany,Europe,Western Europe,DEU,98,162,-2.2,24,2.8E-04,4
98,Ghana," 227,540 ",Ghana,Africa,Western Africa,GHA,33,74,-3.0,16,1.5E-04,0
193,Gibraltar, 7 ,United Kingdom of Great Britain and Northern Ireland,Europe,Western Europe,GIB,9,12,-1.7,24,1.4E+00,0
63,Greece," 128,900 ",Greece,Europe,Western Europe,GRC,59,172,-3.5,21,4.6E-04,4
228,Greenland," 410,450 ",Denmark,Polar,Arctic,GRL,4,9,-3.0,19,9.7E-06,0
179,Grenada, 340 ,Grenada,Latin America + Caribbean,Caribbean,GRD,11,49,-4.3,11,3.2E-02,0
94,Guadeloupe," 1,628 ",France,Latin America + Caribbean,Caribbean,GLP,38,65,-2.3,30,2.3E-02,0
23,Guam, 540 ,United States of America,Asia + Pacific,South Pacific,GUM,98,19,3.5,15,1.8E-01,0
133,Guatemala," 107,160 ",Guatemala,Latin America + Caribbean,Meso America,GTM,20,125,-4.7,12,1.9E-04,0
226,Guernsey, 78 ,United Kingdom of Great Britain and Northern Ireland,Europe,Western Europe,GGY,4,2,1.2,24,5.1E-02,4
152,Guinea," 245,720 ",Guinea,Africa,Western Africa,GIN,16,58,-3.9,15,6.5E-05,2
227,Guinea-Bissau," 28,120 ",Guinea-Bissau,Africa,Western Africa,GNB,4,42,-5.2,16,1.4E-04,0
169,Guyana," 196,850 ",Guyana,Latin America + Caribbean,South America,GUY,12,89,-4.9,10,6.1E-05,0
241,Heard Island and McDonald Islands (sub-Antarctic), 412 ,Australia,Polar,Antarctic,HMD,1,,6.0,18,2.4E-03,0
103,Honduras," 111,890 ",Honduras,Latin America + Caribbean,Meso America,HND,31,116,-4.0,13,2.8E-04,3
81,Hong Kong," 1,050 ",China,Asia + Pacific,North East Asia,HKG,43,67,-2.1,14,4.1E-02,0
58,Hungary," 90,530 ",Hungary,Europe,Central Europe,HUN,60,147,-3.2,20,6.6E-04,4
203,Iceland," 100,250 ",Iceland,Europe,Western Europe,ISL,7,24,-3.8,10,7.0E-05,2
35,India," 2,973,190 ",India,Asia + Pacific,South Asia,IND,84,230,-3.4,16,2.8E-05,0
48,Indonesia," 1,811,570 ",Indonesia,Asia + Pacific,South East Asia,IDN,70,132,-2.6,11,3.9E-05,3
118,"Iran, Islamic Republic of"," 1,628,550 ",Iran (Islamic Republic of),Asia + Pacific,South Asia,IRN,25,147,-4.6,13,1.5E-05,0
163,Iraq," 434,320 ",Iraq,West Asia,Mashriq,IRQ,13,90,-4.8,7,3.0E-05,0
51,Ireland," 68,890 ",Ireland,Europe,Western Europe,IRL,64,102,-2.2,17,9.3E-04,4
240,Isle of Man, 570 ,United Kingdom of Great Britain and Northern Ireland,Europe,Western Europe,IMN,2,7,-3.9,24,3.5E-03,0
75,Israel," 21,640 ",Israel,Europe,Western Europe,ISR,45,112,-3.2,11,2.1E-03,0
16,Italy," 294,140 ",Italy,Europe,Western Europe,ITA,125,184,-1.9,23,4.2E-04,4
49,Jamaica," 10,830 ",Jamaica,Latin America + Caribbean,Caribbean,JAM,69,81,-1.3,10,6.4E-03,0
17,Japan," 364,560 ",Japan,Asia + Pacific,North East Asia,JPN,116,167,-1.9,12,3.2E-04,4
216,Jersey, 116 ,United Kingdom of Great Britain and Northern Ireland,Europe,Western Europe,JEY,5,2,1.8,24,4.3E-02,4
153,Jordan," 88,780 ",Jordan,West Asia,Mashriq,JOR,16,75,-4.3,15,1.8E-04,0
164,Kazakhstan," 2,699,700 ",Kazakhstan,Asia + Pacific,Central Asia,KAZ,13,100,-4.9,11,4.8E-06,3
42,Kenya," 569,140 ",Kenya,Africa,Eastern Africa,KEN,77,107,-1.8,17,1.4E-04,3
74,Kiribati, 810 ,Kiribati,Asia + Pacific,South Pacific,KIR,46,4,4.8,6,5.7E-02,0
215,"Korea, Democratic People's Republic of"," 120,410 ",Democratic People's Republic of Korea,Asia + Pacific,North East Asia,PRK,6,105,-5.5,8,5.0E-05,0
100,"Korea, Republic of"," 97,350 ",Republic of Korea,Asia + Pacific,North East Asia,KOR,32,121,-4.0,14,3.3E-04,2
217,Kuwait," 17,820 ",Kuwait,West Asia,Arabian Peninsula,KWT,5,19,-4.0,7,2.8E-04,0
229,Kyrgyzstan," 191,800 ",Kyrgyzstan,Asia + Pacific,Central Asia,KGZ,4,61,-5.4,9,2.1E-05,3
186,Lao People`s Democratic Republic," 230,800 ",Lao People's Democratic Republic,Asia + Pacific,South East Asia,LAO,10,87,-5.0,10,4.3E-05,0
136,Latvia," 62,180 ",Latvia,Europe,Central Europe,LVA,19,107,-4.6,16,3.1E-04,4
181,Lebanon," 10,230 ",Lebanon,West Asia,Mashriq,LBN,11,93,-5.0,12,1.1E-03,2
218,Lesotho," 30,360 ",Lesotho,Africa,Southern Africa,LSO,5,32,-4.7,13,1.6E-04,0
204,Liberia," 96,320 ",Liberia,Africa,Western Africa,LBR,7,55,-5.0,13,7.3E-05,0
194,Libyan Arab Jamahiriya," 1,759,540 ",Libyan Arab Jamahiriya,Africa,Northern Africa,LBY,9,80,-5.1,16,5.1E-06,0
213,Liechtenstein, 160 ,Liechtenstein,Europe,Western Europe,LIE,6,32,-4.5,11,3.8E-02,3
113,Lithuania," 62,674 ",Lithuania,Europe,Central Europe,LTU,27,112,-4.2,16,4.3E-04,4
171,Luxembourg," 2,590 ",Luxembourg,Europe,Western Europe,LUX,12,44,-4.0,18,4.6E-03,4
235,Macao (Macau), 30 ,China,Asia + Pacific,North East Asia,MAC,3,18,-4.7,14,1.0E-01,0
205,Macedonia," 25,220 ",The former Yugoslav Republic of Macedonia,Europe,Central Europe,MKD,7,63,-5.1,14,2.8E-04,0
76,Madagascar," 581,795 ",Madagascar,Africa,Western Indian Ocean,MDG,45,68,-2.0,16,7.7E-05,1
126,Malawi," 94,280 ",Malawi,Africa,Southern Africa,MWI,22,59,-3.4,12,2.3E-04,2
69,Malaysia," 328,550 ",Malaysia,Asia + Pacific,South East Asia,MYS,49,125,-3.3,11,1.5E-04,1
182,Maldives, 300 ,Maldives,Asia + Pacific,South Asia,MDV,11,9,-0.3,9,3.7E-02,0
219,Mali," 1,220,190 ",Mali,Africa,Western Africa,MLI,5,47,-5.1,15,4.1E-06,2
154,Malta, 320 ,Malta,Europe,Western Europe,MLT,16,22,-1.8,17,5.0E-02,4
52,Marshall Islands, 180 ,Marshall Islands,Asia + Pacific,South Pacific,MHL,64,6,4.7,8,3.6E-01,0
101,Martinique," 1,128 ",France,Latin America + Caribbean,Caribbean,MTQ,32,58,-2.5,30,2.8E-02,0
220,Mauritania," 1,030,700 ",Mauritania,Africa,Western Africa,MRT,5,33,-4.8,13,4.9E-06,0
20,Mauritius," 2,030 ",Mauritius,Africa,Western Indian Ocean,MUS,99,32,2.4,16,4.9E-02,2
53,Mayotte, 974 ,France,Africa,Western Indian Ocean,MYT,63,6,4.7,30,6.5E-02,0
13,Mexico," 1,943,950 ",Mexico,Latin America + Caribbean,Meso America,MEX,143,218,-2.0,13,7.4E-05,2
18,"Micronesia, Federated States of (FSM)", 700 ,Micronesia (Federated States of),Asia + Pacific,South Pacific,FSM,110,27,3.0,5,1.6E-01,0
172,"Moldova, Republic of"," 32,860 ",Moldova,Europe,Eastern Europe,MDA,12,104,-5.0,14,3.7E-04,0
230,Monaco, 2 ,Monaco,Europe,Western Europe,MCO,4,16,-4.1,14,2.0E+00,0
238,Mongolia," 1,553,560 ",Mongolia,Asia + Pacific,North East Asia,MNG,3,59,-5.6,13,1.9E-06,0
237,Montenegro," 13,452 ",Montenegro,Europe,Central Europe,MNE,3,37,-5.3,16,2.2E-04,0
147,Montserrat, 102 ,United Kingdom of Great Britain and Northern Ireland,Latin America + Caribbean,Caribbean,MSR,17,37,-2.9,24,1.7E-01,0
116,Morocco," 446,300 ",Morocco,Africa,Northern Africa,MAR,26,130,-4.4,18,5.8E-05,0
122,Mozambique," 786,380 ",Mozambique,Africa,Southern Africa,MOZ,24,76,-3.7,15,3.1E-05,4
121,Myanmar (Burma)," 653,290 ",Myanmar,Asia + Pacific,South East Asia,MMR,24,145,-4.7,9,3.7E-05,2
114,Namibia," 823,290 ",Namibia,Africa,Southern Africa,NAM,27,45,-2.3,13,3.3E-05,2
99,Nauru, 21 ,Nauru,Asia + Pacific,South Pacific,NRU,33,3,4.7,6,1.6E+00,0
155,Nepal," 143,350 ",Nepal,Asia + Pacific,South Asia,NPL,16,116,-4.9,9,1.1E-04,0
26,Netherlands," 33,720 ",Netherlands,Europe,Western Europe,NLD,92,134,-1.9,24,2.7E-03,4
176,Netherlands Antilles, 999 ,Netherlands,Latin America + Caribbean,Caribbean,ANT,11,34,-3.7,24,1.1E-02,0
7,New Caledonia (Nouvelle Caledonie)," 18,280 ",France,Asia + Pacific,South Pacific,NCL,183,31,3.8,30,1.0E-02,4
2,New Zealand," 263,310 ",New Zealand,Asia + Pacific,Australia + New Zealand,NZL,329,25,4.9,16,1.2E-03,3
137,Nicaragua," 120,340 ",Nicaragua,Latin America + Caribbean,Meso America,NIC,19,118,-4.7,10,1.6E-04,0
221,Niger," 1,266,700 ",Niger,Africa,Western Africa,NER,5,42,-5.0,16,3.9E-06,0
108,Nigeria," 910,770 ",Nigeria,Africa,Western Africa,NGA,28,84,-3.6,17,3.1E-05,0
39,Niue, 260 ,New Zealand,Asia + Pacific,South Pacific,NIU,81,9,4.5,5,3.1E-01,2
54,Norfolk Island, 36 ,Australia,Asia + Pacific,South Pacific,NFK,62,10,3.9,18,1.7E+00,0
47,Northern Mariana Islands, 460 ,United States of America,Asia + Pacific,South Pacific,MNP,73,16,3.3,15,1.6E-01,0
77,Norway," 365,268 ",Norway,Europe,Western Europe,NOR,45,113,-3.2,19,1.2E-04,3
214,Oman," 309,500 ",Oman,West Asia,Arabian Peninsula,OMN,6,36,-4.7,9,1.9E-05,0
109,Pakistan," 770,880 ",Pakistan,Asia + Pacific,South Asia,PAK,28,137,-4.4,15,3.6E-05,0
31,Palau, 460 ,Palau,Asia + Pacific,South Pacific,PLW,89,23,2.9,12,1.9E-01,0
242,"Palestinian Territory, Occupied"," 6,020 ",State of Palestine,West Asia,Mashriq,PSE,1,2,-2.7,0,1.7E-04,0
89,Panama," 74,340 ",Panama,Latin America + Caribbean,Meso America,PAN,40,117,-3.5,15,5.4E-04,4
32,Papua New Guinea," 452,860 ",Papua New Guinea,Asia + Pacific,South Pacific,PNG,86,93,-1.1,12,1.9E-04,0
110,Paraguay," 397,300 ",Paraguay,Latin America + Caribbean,South America,PRY,28,116,-4.2,12,7.0E-05,4
78,Peru," 1,280,000 ",Peru,Latin America + Caribbean,South America,PER,45,134,-3.6,13,3.5E-05,3
36,Philippines," 298,170 ",Philippines,Asia + Pacific,South East Asia,PHL,83,132,-2.1,13,2.8E-04,3
115,Pitcairn, 47 ,United Kingdom of Great Britain and Northern Ireland,Asia + Pacific,South Pacific,PCN,27,2,4.9,24,5.7E-01,0
44,Poland," 306,220 ",Poland,Europe,Central Europe,POL,76,149,-2.7,20,2.5E-04,4
45,Portugal," 91,590 ",Portugal,Europe,Western Europe,PRT,75,149,-2.7,19,8.2E-04,4
11,Puerto Rico," 8,870 ",United States of America,Latin America + Caribbean,Caribbean,PRI,162,81,1.2,15,1.8E-02,0
243,Qatar," 11,586 ",Qatar,West Asia,Arabian Peninsula,QAT,1,10,-5.2,9,8.6E-05,1
105,Republic of Haiti," 27,560 ",Haiti,Latin America + Caribbean,Caribbean,HTI,30,62,-2.8,7,1.1E-03,0
8,Reunion (La Reunion)," 2,511 ",France,Africa,Western Indian Ocean,REU,173,25,4.1,30,6.9E-02,0
90,Romania," 230,020 ",Romania,Europe,Central Europe,ROU,40,162,-4.1,20,1.7E-04,4
82,Russian Federation," 16,376,870 ",Russian Federation,Europe,Eastern Europe,RUS,43,174,-4.1,16,2.6E-06,2
157,Rwanda," 24,670 ",Rwanda,Africa,Eastern Africa,RWA,15,39,-3.3,14,6.1E-04,0
233,Saint Barthelemy (Saint Barthélemy), 21 ,France,Latin America + Caribbean,Caribbean,BLM,3,7,-3.1,30,1.4E-01,0
59,Saint Helena," 27,986 ",United Kingdom of Great Britain and Northern Ireland,Africa,Southern Africa,SHN,60,5,4.8,24,2.1E-03,0
170,Saint Kitts and Nevis, 260 ,Saint Kitts and Nevis,Latin America + Caribbean,Caribbean,KNA,12,33,-3.4,9,4.6E-02,0
38,Saint Lucia, 610 ,Saint Lucia,Latin America + Caribbean,Caribbean,LCA,81,51,0.5,10,1.3E-01,0
236,Saint Martin (France), 54 ,France,Latin America + Caribbean,Caribbean,MAF,3,1,2.3,30,5.5E-02,0
195,Saint Pierre and Miquelon, 242 ,France,North America,North America,SPM,9,8,-0.5,30,3.7E-02,0
161,Saint Vincent and the Grenadines, 390 ,Saint Vincent and the Grenadines,Latin America + Caribbean,Caribbean,VCT,14,50,-3.9,9,3.6E-02,0
24,Samoa," 2,830 ",Samoa,Asia + Pacific,South Pacific,WSM,98,16,3.9,13,3.5E-02,3
239,San Marino, 61 ,San Marino,Europe,Western Europe,SMR,3,10,-3.8,4,4.9E-02,0
189,Sao Tome and Principe, 960 ,Sao Tome and Principe,Africa,Central Africa,STP,10,18,-2.5,11,1.0E-02,0
173,Saudi Arabia," 2,149,690 ",Saudi Arabia,West Asia,Arabian Peninsula,SAU,12,58,-4.4,10,5.6E-06,0
134,Senegal," 192,530 ",Senegal,Africa,Western Africa,SEN,20,68,-3.8,16,1.0E-04,0
142,Serbia," 87,460 ",Serbia,Europe,Central Europe,SRB,18,86,-4.4,14,2.1E-04,0
79,Seychelles, 460 ,Seychelles,Africa,Western Indian Ocean,SYC,45,29,0.5,14,9.8E-02,3
187,Sierra Leone," 72,180 ",Sierra Leone,Africa,Western Africa,SLE,10,64,-4.7,12,1.4E-04,0
43,Singapore, 700 ,Singapore,Asia + Pacific,South East Asia,SGP,77,49,0.5,7,1.1E-01,0
231,Sint Maarten, 34 ,Netherlands,Latin America + Caribbean,Caribbean,SXM,4,6,-2.0,24,1.2E-01,0
106,Slovakia," 48,088 ",Slovakia,Europe,Central Europe,SVK,29,101,-3.9,17,6.0E-04,4
119,Slovenia," 20,140 ",Slovenia,Europe,Central Europe,SVN,25,89,-3.9,18,1.2E-03,4
66,Solomon Islands," 27,990 ",Solomon Islands,Asia + Pacific,South Pacific,SLB,52,51,-0.8,10,1.9E-03,0
188,Somalia," 627,340 ",Somalia,Africa,Eastern Africa,SOM,10,51,-4.5,11,1.6E-05,0
5,South Africa," 1,213,090 ",South Africa,Africa,Southern Africa,ZAF,208,100,1.3,21,1.7E-04,4
15,Spain," 498,800 ",Spain,Europe,Western Europe,ESP,126,183,-1.9,23,2.5E-04,4
65,Sri Lanka," 62,710 ",Sri Lanka,Asia + Pacific,South Asia,LKA,53,124,-3.1,12,8.5E-04,0
174,Sth. Georgia and Sth. Sandwich Iss (sub-Antarctic)," 3,903 ",Australia,Polar,Antarctic,SGS,12,3,3.0,24,3.1E-03,0
160,Sudan," 2,376,000 ",Sudan,Africa,Northern Africa,SDN,14,78,-4.6,14,5.9E-06,0
196,Suriname," 156,000 ",Suriname,Latin America + Caribbean,South America,SUR,9,77,-5.0,9,5.8E-05,0
93,Swaziland," 17,200 ",Swaziland,Africa,Southern Africa,SWZ,39,53,-1.7,15,2.3E-03,0
60,Sweden," 407,340 ",Sweden,Europe,Western Europe,SWE,60,121,-2.7,20,1.5E-04,4
46,Switzerland," 39,516 ",Switzerland,Europe,Western Europe,CHE,73,138,-2.6,16,1.8E-03,3
183,Syrian Arab Republic," 183,630 ",Syrian Arab Republic,West Asia,Mashriq,SYR,11,106,-5.1,14,6.0E-05,0
25,Taiwan," 35,980 ",China,Asia + Pacific,North East Asia,TWN,93,169,-2.5,14,2.6E-03,0
222,Tajikistan," 139,960 ",Tajikistan,Asia + Pacific,Central Asia,TJK,5,57,-5.3,9,3.6E-05,2
62,"Tanzania, United Republic of"," 885,800 ",United Republic of Tanzania,Africa,Southern Africa,TZA,60,105,-2.4,19,6.8E-05,0
61,Thailand," 510,890 ",Thailand,Asia + Pacific,South East Asia,THA,60,149,-3.2,11,1.2E-04,0
207,Timor-Leste (East Timor)," 14,870 ",Timor-Leste,Asia + Pacific,South East Asia,TLS,7,15,-2.9,4,4.7E-04,0
184,Togo," 54,390 ",Togo,Africa,Western Africa,TGO,11,62,-4.6,15,2.0E-04,0
175,Tokelau, 12 ,New Zealand,Asia + Pacific,South Pacific,TKL,12,2,3.8,16,1.0E+00,0
27,Tonga, 720 ,Tonga,Asia + Pacific,South Pacific,TON,91,17,3.6,8,1.3E-01,0
102,Trinidad and Tobago," 5,130 ",Trinidad and Tobago,Latin America + Caribbean,Caribbean,TTO,32,72,-3.0,11,6.2E-03,0
143,Tunisia," 155,360 ",Tunisia,Africa,Northern Africa,TUN,18,108,-4.7,19,1.2E-04,0
86,Turkey," 769,630 ",Turkey,Europe,Central Europe,TUR,41,193,-4.3,11,5.3E-05,0
190,Turkmenistan," 469,930 ",Turkmenistan,Asia + Pacific,Central Asia,TKM,10,67,-4.8,6,2.1E-05,1
156,Turks and Caicos Islands, 950 ,United Kingdom of Great Britain and Northern Ireland,Latin America + Caribbean,Caribbean,TCA,16,9,0.9,24,1.7E-02,0
197,Tuvalu, 30 ,Tuvalu,Asia + Pacific,South Pacific,TUV,9,2,3.3,6,3.0E-01,1
80,Uganda," 199,810 ",Uganda,Africa,Eastern Africa,UGA,44,89,-2.7,16,2.2E-04,2
95,Ukraine," 579,320 ",Ukraine,Europe,Eastern Europe,UKR,37,167,-4.3,17,6.4E-05,3
177,United Arab Emirates," 83,600 ",United Arab Emirates,West Asia,Arabian Peninsula,ARE,11,15,-1.7,8,1.3E-04,0
14,United Kingdom (UK)," 241,930 ",United Kingdom of Great Britain and Northern Ireland,Europe,Western Europe,GBR,131,142,-1.1,24,5.4E-04,4
1,United States (USA)," 9,147,420 ",United States of America,North America,North America,USA,523,123,3.1,15,5.7E-05,3
91,United States Minor Outlying Islands, 32 ,United States of America,Asia + Pacific,South Pacific,UMI,40,1,5.6,15,1.2E+00,0
83,Uruguay," 175,020 ",Uruguay,Latin America + Caribbean,South America,URY,43,96,-3.0,14,2.5E-04,2
198,Uzbekistan," 425,400 ",Uzbekistan,Asia + Pacific,Central Asia,UZB,9,72,-5.0,10,2.1E-05,0
71,Vanuatu," 12,190 ",Vanuatu,Asia + Pacific,South Pacific,VUT,47,18,1.9,8,3.9E-03,0
87,Venezuela," 882,050 ","Venezuela, Bolivarian Republic of",Latin America + Caribbean,South America,VEN,41,134,-3.8,10,4.6E-05,3
84,Viet Nam (Vietnam)," 310,070 ",Viet Nam,Asia + Pacific,South East Asia,VNM,43,157,-4.0,10,1.4E-04,2
28,"Virgin Islands, USA", 350 ,United States of America,Latin America + Caribbean,Caribbean,VIR,91,50,0.9,15,2.6E-01,0
72,Wallis and Futuna, 142 ,France,Asia + Pacific,South Pacific,WLF,47,6,4.3,30,3.3E-01,0
165,Yemen," 527,970 ",Yemen,West Asia,Arabian Peninsula,YEM,13,48,-4.0,12,2.5E-05,0
138,Zambia," 743,390 ",Zambia,Africa,Southern Africa,ZMB,19,70,-4.0,15,2.6E-05,3
85,Zimbabwe," 386,850 ",Zimbabwe,Africa,Southern Africa,ZWE,43,74,-2.4,14,1.1E-04,3